935,1132292502314006136426698121962293171905559332103663759466390760010233936535422864435976809911584638851242717916541190796812112106617085101697649440617371630820324778731206280635822679548484114065
128,251728825683549488150424261
504,955620997609204752896986850849030784038174487916669186294134525152075026461787231598163278910835948084128
276,2143402371193585144275731144820024112622791843221056597232
882,9497596137630935307081104630124632162577476599551651898156068247720404312895003606479134932982917016875736206906978166376643856244066400517428526354559727342456358304493975479454590616
538,12186120053215401266088089750036680129447500839931526579142040485499190586947405129163013717701749148064044280919
459,376566665397603187062785541722584607700812257624060463965757289279181083922224988556514543075266
262,2542592393026885507715496646813780220945054040571721231
803,293487844467538756644134340089344732339285623990084604194948259816976270961326926046761105785534532532240518889429148378684513162106221074178195667852362249470316325577
426,47780395944676052274416277690031248729785923474969864327823043828116713025492002771430968
630,205460506934777144254749660671083866289902602188682486228283101478168861446189384529348075272069946979257209217248912659154060672840
43,433494437
5,5
81,37889062373143906
397,41553554281937324111297039185688238919607027651133206312776412602212507675416588777
432,857384416798688205322146546398461722061337599142249183459012869301255270820177904036305984
745,221976492160951424762038544118331658016021561806548304052257950444115433503113091194657650815150114427728206880571196166182738507293341991697884342211125745
156,178890334785183168257455287891792
340,50852543833066829834000968538942350270948615962802847667687312219838755
553,16621876686686616191784743387304878363067165807907454732225219875478733692617866716260109886666023166739157304546673
802,181385463165881736890212208885336625306342374187644712456957150207333853274302654579519133876533531603807344873416945698153990191233999545175151261845669004727753362151
369,58472848379039952684853851736901133239741266891456844557261755914039063645794
579,4511892073403039921025912698279079336962658132728138903804549463159822661521901559514601364254718637420279520732041721346
383,49292541820623609906583302538007088755326533087070104115801862234837985426429697
631,332442083566252894269656048603015447982636854069531262697354582877665624295015454568572631693823274175996053045252971212422756826669
618,638082262657836526199937528316336047599323950517462770902710029494818479901137463642574481746164823498109102568794994019153731384
960,189954522487449421655484950204552793156378655991620103560351499621355342751042138555767443588613298932785823641745089405770069301474379286748373195349960130064468846461053536824538649373075643864894720
355,69362907070206748494476200566565775354902428015845969798000696945226974645
354,42868634127888159424995674777973502051063092312442448224088410550266867672
545,353817194107882765682973465820020735142876652434685818788140779559062385248698970169949188915715679402458524638045
368,36138207717265885328441519836863123286695915870773021050058862406562749608741
584,50037649861895889944281806870581945770817562873266522821303614932966358812510072427265769282187072202250806671411937176213
433,1387277127804783827114186103186246392258450358171783690079918032136025225954602593712568353
989,218419397636881404189698863485813976821900934390836134467563863489823334863616378901508044659699901796936578950713799218391024878528146156587796158809302833414117781582774618471985790973615457322807493953589
143,343358302784187294870275058337
551,6348991937504800585712424788774240363794295386461634460789995227780425329818649176202420394392566714919796045762449
142,212207101440105399533740733471
221,6867260041627791953052057353082063289320596021
586,131000268055609921839337880403168874871518195097038587116150308718344497444830568622793920406537331453336153249817445002423
42,267914296
4,3
95,31940434634990099905
68,72723460248141
828,49235814277468209595489570918088205406471236376456384909120564298267422802712916193422893933710321716261919358672578960137652220384891310734479430127573127629649805706147536
180,18547707689471986212190138521399707760
751,3983206532963909120418404757324525361518628307077248076132424727688912059360140985766913457277311357354018072741855874826116981382251922695786329432008306749
83,99194853094755497
779,2830653773025598082345063352442424920351144475210443140761432888315880232178889808908956305371077582723774166955957876499339886412043139544385164571854387045842521
141,131151201344081895336534324866
356,112231541198094907919471875344539277405965520328288418022089107495493842317
357,181594448268301656413948075911105052760867948344134387820089804440720816962
431,529892711006095621792039556787784670197112759029534506620905162834769955134424689676262369
458,232730998245927705729166438267632598993081917705194582478883930194415186947590919908873666525329
547,926305439978556110345168148279287821152865667970711489644302195807201560695593260839033495142464219140896452459573
6,8
129,407305795904080553832073954
753,10428170087510142513003057669962087616734396610851957661841082666377879726632480951238815619001048548750831415087300271897784233814999629327476879216245414498
418,1017064796302424461232401846760575980150446009550749868752158484205015423343632508381159
342,133133688169362819419341682354326791750874517270785300499298099495818696
196,40934782466626840596168752972961528246147
814,58405555825089055539984231563660601109121601157272562412741735782097295959844013608310802148128456997381488413811905533666275022363121794202248638475004705344495600114527
394,9809463517264670023038788649658295091956272699959366635620342487725314342549664567
97,83621143489848422977
381,18828075583602596462866526311206253798143927071100759813050465314516137773128706
424,18250487254938611555074410636524312658020849229014745928158881386149462839394269270468043
236,9366947731425726508977331996039353971111632790877
155,110560307156090817237632754212345
222,11111460156937785151929026842503960837766832936
154,68330027629092351019822533679447
747,581142001180845424338065048709940041945836624062111623536149822377657294983685032418860801215345212579650336672946182915583149613016493583859997807330210498
965,2106627935969595192346547532826785693137550986881644620151591876604924400968054257202503939828719670691010195230040623508958805939124333252638478626690690754041019888884459962321161869077680401454040965
976,419229545060674690674676115093648535543536104887087485861298493135072201852062460438066938218066579715409000199233081672091175525949387335374956723785971645162844871532799149517674140914774857707822812507
568,22672251986760597700995656068373604123903743609486608186281779052193478255921357148383919048426173301181358627445942891
801,112102381301657019753922131204008107032943249802439891737991109609642417687024271467241971909001000928433174016012202680530522970872221529003044406006693244742562963426
237,15156039800290547036315704478931467953361427680642
713,45572462481568561059291357021725822146529498262202800737847645652148020531333249661575949238085324811300429912364007262260108843484579011716766837933
183,78569350599398894027251472817058687522
698,33410878289444957618607188493530847778173900120569106083403082529157749504523093168915318986912085240482480870354510205414873169790081851662484849
69,117669030460994
673,199157600921893687120946774967741139719553336404271541042268988715143669561498617223356051795193904924125069739438025770149158497269999660993
752,6444963554546233392584652912637562255215768303774709585708657938688967667272339965471902161723737191396813342345444397071667252432747706631690549784237107749
510,17147923024004226122738827244577811616833011594238408929354842393259173960805130470788839689695398991424680
869,18229483969956288937453823586319088430400473681987433688972410981043317007700252830412315571712082187550674621987144643298645736481136196312937518600257507956051407899662686771625669
791,911461723979229137398188463207134083118652096691179548565493854813244058514158710983136691744844421148519387154025168747083889757741096637632733083903522061668826609
587,211962886249323953734393953935755803972218827320810651410997002503722636077151064818322071530887590704421499828222952828633
666,6859356963880484413875401302176431788073214234535725264860437720157972142108894511264898366145528622543082646626140527097739556699078708088
785,50794020986236374193362973697754250446611291175910555094791960427864441041463200044002536002789749929513508962276729256865734980230729987620951013804187580484148285
29,514229
593,3803519665686090773261824444390176450610990315946847165272163502295150248561608391620538293153837330784168723765437946791613
540,31903676490304597847185685736169548906931858202641803975680844768196795244879691985828019808017263472521442003280
101,573147844013817084101
114,298611126818977066918552
55,139583862445
41,165580141
14,377
855,21624566574033249908479058525261934298547801008518093327427828213794236274252366061503132978728550110978101030934864543624309608482456326210698525158753672353459406510105385364770
959,117398351213999963820533586238072669577304347789736758333755975926816331791943429751272878223962655845744721219215981652559650305465859791730298612778201942705053823439206333544970534818615050106976641
511,27745922289305716855338470916082815029348872029647830861914852073402148308000613611082094085891168867554589
934,699795251636724754898217728559601974531783965205732073408169624677547677350183948994214071349767475757639671918725819811698188290780559480146490327292176416984967152236404035978863403327510987087
840,15853779289614481577191691577533518174485949824765525957623037737532160833631593681512535189759649213804709691705593604227037581022758330489263385511067756715301085561591382880
908,2578055988351964688851245616452378875719427641782287809992231431923843111069006580781633989295161822889603301376722022739968120221030578561210113091181592243452683913671969416353921002961821
346,912511873855702065852730553217787283194150290277873860991322859307033303
971,37801904496238713498417322004644069806898613416079866404394897802961822885633033199893798038692991416592438792921515241508698856598772138755762316667654231630033304176481072988235943108579632176065760729
193,9663391306290450775010025392525829059713
868,11266440690804353552193189433829767486336901379581070375165104325609758802540808109071639323808849923472668988917702299798516796526515255396785758979668012201823937881206620457303491
277,3468097888158339286797581652104954628434169971646694834457
699,54059936666307888585371224524040479564193340847128274990827350063369752406767284486712908163966342091210712498754683466915904358153636317442639426
96,51680708854858323072
275,1324695516964754142521850507284930515811378128425638237225
28,317811
263,4114000911454431885883343305337966369078499341559272017
961,307352873701449385476018536442625462733683003781356861894107475548171674542985568307040321812575954778530544860961071058329719606940239078478671808128162072769522669900259870369509184191690693971871361
513,72639767602615659833415769076743441675530755653534070653184546540063470576806357692953027861477736726533858
79,14472334024676221
505,1546227254494775294781736623791582212080267394331882874735521220937349853562024289099752911892652406375505
659,236248969359639118560137204624617865430123602735508361316294830562477440340676396673999176973574870375672987279950484314711352996717126441
739,12370325933216525298289036805444482769759805440621396808218380305165743695894655736924257395390702345089651108425656165172311749028233154775588727791956661
352,16374361185569570355515148989381228747223756609038926650176124155306760699
178,7084593923980518516849609894969925639
434,2244661544603472032436332649584708114319787957314032873538930901437280496774780497748874337
636,3686839203203908875430996692179542915310607843499662532720252170412169301591070559195321429910935928304254470448268332995152357977552
302,581811569836004006491505558634099066259034153405766997246569401
922,2173298139984245840201191817043311505120070007991740943253108394921961491967636871217997227633856951092177081184541384733728399010104229670726810175590319370578333788435971516707120328347565911
144,555565404224292694404015791808
421,4308355614659046773460502197440934169467600804865999014851680725486111854012659190521721
16,987
756,44174437371622894324178478835161387360634726440105292156940563876511574514442122784660251180450620029046120929952789609836687206310494301245811737217210458992
92,7540113804746346429
261,1571408518427546378167846658524186148133445300987550786
664,2620041219234060226985913023558272390379688274611009074075837982325183328477215089203884050288774480179980018911596319321075879269128954923
623,7076440730967596155785757746439631686324456941574204271664446368107025465223834275134631306233677723547296026061459919260564617057
384,79757008057644623350300078764807923712509139103039448418553259155159833079730688
805,768361152100959250178480889064026089984913622167813920846853669841286395196956506673041345447602596668288382652275242455523016515446441693531542597550393503668386013305
51,20365011074
316,490466463202844446442404046536715720760753273372111614880764689587
839,9798174451120912445558785144649757148082243494220523290580147486639333658127841144016820895796354650742381254461383043036431993463924350848845186326770158156487270591499492561
409,13380115429233940095604389734410310117100995067992702323161470502791037473665635425809
464,4176188314410464025148116525118839856571907649518456624120477965205524606115754507996484677228773
949,954521236278588975816913938063968779260873747465795884949378312109678175647627296076764558944928968059888214242449760455065605370660692836050793012165747204003730731419160152751883337579046951711449
896,8006462277582187659515819010005631083285326436520662969075190367723975226011685499453801676865275236376322149753593676553210972296951449120936850931134870481678508226750540122559762585797
103,1500520536206896083277
843,67157686771085269622692645021900068819622336462737624454029408185875149817150463332571247360871656942898891584039546898753976729996123693165480529186743586458877797867773133762
150,9969216677189303386214405760200
507,4048075506598755342460460098432195208198709276580434935765176967026774733585835809797669102696140760835138
391,2315700212878644019141884587055058551781936851295739770295042651311250305217930509
705,970066202977562212558683426760773016559904631977220423547980211057068777324159443678590358026859129109599109446646966713225742014317926940054191330
895,4948265817189687251278192966118519675791295708840092626373000529473311690335304579228459712399671477874446114473157611826874747748895075805776575168244218202927718728049260887482613336605
637,5965431141839504779543525917207871754093499920413366304891874389235004007404715985626228814196262140122006363326279927034728324129417
151,16130531424904581415797907386349
249,4880197746793002076754294951020699004973287771475874
420,2662710205480735617346452022100755074809023407208374441801919604845563638678145849451440
550,3923892811677015020359893809756397635478575034984185810645229419917883032980568363855269097880889736899565213021775
711,17407131716929811937470930457169873818514090034742839348872816448963868239428102701727913536319497981881573257540890717371147451899569048603532804514
117,1264937032042997393488322
470,74938658661142424746936931013871484819301255773627024651689719443505027723135990224027850523592585
17,1597
499,86168291600238450732788312165664788095941068326060883324529903470149056115823592713458328176574447204501
466,10933402950546727102797660073653500548627122340272799315506394167390200192685406718502163069409863
807,2011595611835338993891308327102733537615455242513357158345612749706882914629542593972362930557273257472624629067396578987884536384233104006416432124798818261534841714338
185,205697230343233228174223751303346572685
53,53316291173
967,5515223538018437384432120575390553360788908297090600033106209179097074511067149496437663732272393803583183672326454639004446909302018142314209719068465787986519545480391806609399928589476584172553485453
191,3691087032412706639440686994833808526209
224,29090180355503362256910111038089984964854261893
768,14224031644645713029810656196961493453398468120213455059519429934315237567222386077810571334605514604369126745521886450576830062759380735191550915154818859836416
797,16355517010639888098974029364030659245689126449265321319084097426210528612213393597652457915404409830743835459810176308190644280659109009489768244496459209529554730677
733,689374636946030607164118379669031839654936124636838495672895048867953022990712069978982301882527783885513071090614806918872975214854794262712758044094153
848,744790159320431534981252001673784518042249407420658871661366380295519475164158849195779435263551520934950135861679226447484349617516194604460704020238477049606469591515596361701
492,2967795697064976427862421836334141336150900792786444618288545455102252664927332007624673682829385529104
653,13165703827079947192981404624962180048698889314434312908707212291805112500495718070970869667593524399011143324564509888140676510958522773
20,6765
874,202168075213672079260596535859701544874888296353804821387604809476395330074306063188656721192740907117768741920485668645381749874481665847487428943700400124657530952603334596459522807
479,5696323922575865414847061494575945648081290145228607189038829076215134884313127297923138542545712321
754,16873133642056375905587710582599649871950164914626667247549740605066847393904820916710717780724785740147644757432744668969451486247747335959167429000482522247
901,88793027306605937532517516910637647045239090036365766884466525589158360259770006891772711976920559280382807770394537471560061517120086971996377683290300054868066659454250625417891167369401
684,39633363350150665433335490556348985189574179795039333969368895830540407820581547578204201061028307874718885735558275776690548029037838240694288
530,259396630450514843945535792456880074043523940756078363514486570322782139633750401577338505233670220572153381665
730,162739276283501244124756087767735373906472830448785595444791118602635576263137636820389565846932504758982224971301111887867792593925413077367960260589015
47,2971215073
478,3520521795081009298133389068150256767486070420752187588072561774116509929361729683723821683646575039
109,26925748508234281076009
121,8670007398507948658051921
445,446698926797525733283994464723773897373051547730509482206718754667074636645528022516256487945
240,64202014863723094126901777428873111802307548623680
453,20985341020594289480596202471862246559405946478745659997715004840583924030397583511583383173698
243,271964099255182923543922814194423915162591622175362
928,38998252765372722263245495576480293668716890845206878575079040726248313269008421436968448254300074039373991611106131177579550927210592428323178729859320374241974749223602222638642806869769919611
336,7419286156446180413982701248558426914965375890066879843604199271253952
646,453451245710105664639547812980537405595703162301723672881541665201938976661355778222083513397766239269055001978186519308745237998354703
120,5358359254990966640871840
710,10758199047708937184349496107386074509501318192717122040102012754220284052477044258120122165446328847537283397282225827517813939685440914509701228905
860,239820118265953088038145437511237497044699584020285287192916468822142124682166269777110003547171459506578561471840683878010615797658560919027914703304747784934322068108673344179645
35,9227465
23,28657
524,14455678767661239941060750283349851372786616456634781515481577509301997444983826731071749118079998628070030493
863,1015894323346616269723602460957302261307157373288605443541220300338514618174799279488463268089611549972021198594104818105094310193558938390401521163943442165665536448660470199700417
108,16641027750620563662096
718,505406353675742234083432988996586318812313027234922212847655311233104925710191732091847772413511732637497722573027640822525677705801681909300304870559
450,4953967011875066473162524925231604047727791871346061001150551747313593851366517214899257280600
321,5439356428629292972296177350244602806380313370817060034433662955746
472,196191955446197556957565929345772792668594307949581132632670453793550007197467505024573547039776939
862,627857220806284678880873949234269879175928478654445365367068384580328371428482774632786635818391504739299880032972750991552462995608749654714717933624094975299929258384571771940031
714,73737793246207310181111783586281770474544906489662762126822474855332172823238396621423984939851151640719286567187123807149070235069588974830000871352
451,8015687004359611503716838773315321255839077303699799498282226546635165089515533148342062946549
264,6656593304481317393598839952151746590023553382130993248
915,74852416689513581914218640394029625042908640701722712256659178051380608581260960849559158401536613423078878547695333196930635547927006865247089657327556475114995900155941363699681600253262210
857,56613850282803917571020710912352273128359037207464294769554425049946119446134200380023253900925711945706952706742082593051847002924694714289862350724451025928248176225776822981837
295,20038668997554240570909178165665757608500558774338041350112205
679,3573738143885559459576277059838545923766193315082427297305196759414595291151234536087083019631488005869345070035543779127810449716730965436621
880,3627758913155293073138544456040798040261652432988905714601721466249506182534968329286749342145527478196364685579824333317072980944143469999376935227627534231633733208978816115814107035
670,47014732053341694630045471346736637133446649052452774896655987814288227151439510822507534778297905539804721116274335258818688815785242799935
844,108663419801435145222634813321616862316676479606489199659855631147578805142541491839613138636187310021250692221912117150244483885505564704992852486535649258045967239582455392083
489,700601527838707533318724871765523284890968696066716357168446685359555050818763462119969522887130023714
937,2964380256264737027751613972484188318342902629413059592340951144698015550421029677866167691172936753460125107751808201405322412504014729683541789208526919678625616709698816597250508762424479215217
335,4585371016945309254695820765383405232040578837489482816555438621189665
738,7645281878642074485535133205944172751143011384808768193177375809620095682060320826830288084383872992695342808879708252367835721240788872451903860114461144
339,31428600503229159751339745276442091208977285345179605163923475056141186
21,10946
116,781774079430987230203437
274,818706854228831001753880637535093596811413714795418360007
460,609297663643530892791951979990217206693894175329255046444641219473596270869815908465388209600595
242,168083057059453008835412295811648513482449585399521
123,22698374052006863956975682
113,184551825793033096366333
926,14896007054512801578742209818310524063908842817951547083561278821708362662374112647765417748816759883651768989312866864684047647580235189330032874969193930262062822682405329929079442617207165593
850,1949885951587339044875793733356219760673772926586260591210358470405525665390243100575540781157408285819450131557173898143210104351541330710230926558457389046268596497514105167175
728,62160872235737806729831029584822514938714013803544740775530272072612429162488057061482763676067369954699026882945376260232993877386135562063521629425461
675,521401368331405065117389673092721167865606665536905240054000465695003287479466298469643896877133715080215034906732232054782240651067620552450
111,70492524767089125814114
903,232463163452691875116448707769659008534278699381855126493428004605356531720604355018499811475366509176270564632976516161366802138971616417014769346741007116753309016226401734111028987677602
477,2175802127494856116713672426425688880595219724476419600966267302098624954951397614199316858899137282
322,8801063578447437644962364569698707634360652047981718378070013667111
310,27332759203762391000908267962175339332906872716290689783750745455
273,505988662735923140767969869749836918999964413630219877218
927,24102245710859920684503285758169769604808048027255331491517761904539950606634308789203030505483314155722222621793264312895503279630357238993145854890126443979911926541196892709563364252562754018
726,23743340423712176064737000986732170909669210961848626881799697615201711224326534364058725181269605105114855677535016892831189038232993608822604627687368
34,5702887
885,40232462861844090389128434238541564732364078131780448061576898306103009199405081373822175980623530127985951663375242165249073319332045062588388761317543568249014325104512245165644739010
886,65097492361581603237233203672874663179834855497446498041443381583014715955555123863972831437426753700416795598516352331061931907120100794141297405153595216044749666809015355488194403823
328,157928677948851033162880158208040021697730983590298819190379481318411
704,599533884777687896776005738659978075404416227379871730343634213152746766776753741738279860246291162932098104341810018762401600714179499797853539653
884,24865029499737512848104769434333098447470777365666049979866483276911706756150042490150655456803223572430843935141110165812858587788055731552908643836051647795735341704503110322549664813
256,141693817714056513234709965875411919657707794958199867
484,63173200356011969809443437297358849022080673265589795452673441480303628721313666802004216758598573763
877,856397709485405248469486980045274123846691034158775223303529164193277713115165566524523155238196642769648985914834666167922807767415451037972376570981783526744050564093870379838646057
693,3012657015979781977998614671955615595575503271088526286912090083586765997651677082241988924535028532193715530937335691260536432447526773913318338
448,1892247019390521442608211077147886839616506438992322504018876947992022613217501281456451614651
107,10284720757613717413913
105,3928413764606871165730
687,167889621328187018603839571160601156165718032465198173590271441192035550962902993642892477664171488276167058117358975773751425901845612997090658
501,225591516161936330872512695036072072046011324913758190588638866418474627738686883405015987052796968498626
315,303124944601307480151388995590175408058857436768033423077509087810
701,141530751622060734789349637541611806906560581814825656065057782655897254318057662142341135314844769422903905867863877139246681886097354486547763701
271,193270471243015279782059101964580241188515112465021394429
923,3516470258181436632779942061407967017889567600656021732351687343954813226146279635109807764516348660489138275647928031738863616520008909996193084872671097173635385035177795631888400653504011257
929,63100498476232642947748781334650063273524938872462210066596802630788263875642730226171478759783388195096214232899395490475054206840949667316324584749446818221886675764799115348206171122332673629
893,1890069356797186843040566922231408268297264981159522283670810691222648154658923659003117747934067719372570079192721547100538523200838702490616299405353565924176929229347981652405464087413
338,19423943329837670082661223262500259061971330617623242503763837163697569
677,1365046504072321508231222244310422363877266660206444179119732408369866192876900278185575638836207240316520034980758670394197563455932861996357
309,16892574194241670428824570378554538679120491007541580961500624834
660,382258862231028574261100281936883758817863493280896798025390698127550201491037179836377303873609973810592211414348973275388364055795515120
313,115783425999770513860373944643635095356961600163955231274253486033
306,3987795824799770715342824788687062628452272409956636682999616408
307,6452389184720949856740872794933738025334109298792472139250504213
892,1168127103595313565197059121655703139196765746521048059031379147028015381017457261222224216531536039129305956087714517625797701347217670824543976357537086354573860269353297582671685161779
259,600224643828207248620196670234592075321836561403380341
703,370532318199874315782677688100794941155488404597348693204345997904322010547405701940310497780567966177501005104836947950824141300138427142200651677
258,370959230771131880927453318055001997489772178180790104
933,432497250677281381528480393402691197373775366897931686058221135332686259185238915441762738561817163093603045997815370985113923815836525621551159113325195213835357626494802244656959276220973126978
661,618507831590667692821237486561501624247987096016405159341685528690027641831713576510376480847184844186265198694299457590099717052512641561
663,1619274525412363959903575255059887007313837685313707116708761755507605485154464332857130265567979662183122608802947888455587798160820798242
506,2501848252103980047678723474640612996118441882248552061029655746089424880023811520697916190803488354459633
516,307706993434466865456401903551551578318956034208374691542093028553513056268030561242600951135606345897560112
298,84885164052257330097714121751630835360966663883732297726369399
649,1920850301309967491695705062383288298508513010920265753751523045231108313154412985175037599614903852324240126399573862950393639070921649
924,5689768398165682472981133878451278523009637608647762675604795738876774718113916506327804992150205611581315356832469416472592015530113139666919895048261416544213718823613767148595520981851577168
305,2464593359921179141398048006246675396881836888835835456250887805
10,55
138,30960598847965113057878492344
283,62232491515607091882574410635924603070626544377175485625797
925,9206238656347119105761075939859245540899205209303784407956483082831587944260196141437612756666554272070453632480397448211455632050122049663112979920932513717849103858791562780483921635355588425
702,229001566577813580993328050559183134248927822782523037139288215248424756229348039797969362465723196754597099236973070811577459414041072655652887976
919,513046096410135744956308671685999520418925177336820634944049503143741976389648656565623846131126467701745307742231909276542036009705130980205739218571236235535768705047676713655440321965324781
716,193048048973983181421514924194289363095619311241528324991492595362812366177810042904423919117787628092739003046738254876558249313623756961376768580637
252,20672849399056463095319772838289364792345825123228624
871,47725408630716931427100836606467944347137848743555937753109926287696392817941313769896270467233014298574018232891991586395808269488787648022660796180183028113926753680531994000554829
681,9356167927584356870497608935205215407421313285040837712795857869873919680576803330075673420058256777291515175125872666989233785694260034313506
736,2920237824067623672781229606443862732526217328996139578136371314074447668225985916736318773377043640301034509333760339563359693453344590128218992436965627
865,2659645867499517218328078871148874401790243225231656252449508985257357607778081333609713171997614604683342277221182387201741083382726626435517760261510979306631002155705512171340865
19,4181
31,1346269
118,2046711111473984623691759
656,55770816383139792841788949999913921345356178355268512101896904567668081960045169650757076826495336494165460988846493606642669121439650917
497,32913358638779021325852241460922292241811880064424459384950843991972540608783894735358997476926373114877
642,66157645150735582613503190798560688609301038580805243102736255965940878567193080680986437663124776762497323258851581081253588382923096
332,1082459262056433063877940200966638133809015267665311237542082678938909
454,33954995036828967457475566170409171862972815653791520497147783134532682971279633874824703400847
326,60323387178125067141700354899227346590944200352359771993651057202793
468,28624020537229717283244863695841661789309459371299941322398704536965075971940465647510004531000816
441,65172495098135102433647404982700073500075401759827878315356483347951218369680224170989749666
455,54940336057423256938071768642271418422378762132537180494862787975116607001677217386408086574545
482,24130015357889614840807962620028350479216011277190196743261610776878424511662841261217058994930287041
327,97605290770725966021179803308812675106786783237939047196728424115618
657,90239076488249662859174127312351972042383712190119924607198962997404679190315613511621050073539766940753763145551995354034341937638737762
680,5782429783698797410921331875366669483655119969958410415490661110459324389425568793988590400426768771422170105090328887861423335977529068876885
643,107045318469544833137513810461138676125700361713371062225356384423352406508989872286703546023838895248020118486827785715412687077502837
131,1066340417491710595814572169
125,59425114757512643212875125
864,1643751544152900948604476410191572140483085851943050808908288684918842989603282054121249903908003054711321078627077569096646773189167688045116239097567537140965465707045041971640448
938,4796468010215467919076529823006083464780245926722455425215511529385797164306636491296358572434288868069007497587075212013832712901412374265385928976436467726430908640666426913865194845300474316369
247,1864069667454273644225850958407065116260306867075373
290,1806885656323799249738933639586633513160792578781310139745345
535,2876752714532189363930922722155697166626212205625975055651487108897637555022358325840971027525781204722662601965
694,4874581448301122336922268895532800198289478061460705444533362455679490302313612384437870442661399928780266855508500626326652774489500305984505967
469,46314638123912707463692067318029823029991796402327083329291014906539951751195524576517845992591769
904,376133299598777812700379898628680370023318308727344486102389483621554703181438703145226910973812459072158321495558494851173542760823145862033161010191714178638551372998552842804166807985803
18,2584
723,5605042352914733135977054235984175329081972797846347142062056069216302203343442302671901445786714383823775378215668056310042563607303080014020120414082
851,3154981743854246554770335465038655003305296445751862310759350560515531855616327351955302127051265050703950127252668569838935859085566466816001149096676301042930723403512613972649
496,20341574322680408081083829243820203612317308197211964554628215486203974898255803242740333222721700974747
737,4725044054574450812753903599500310018616794055812628615041004495545648013834334910093969311006829352394308299545947912804476027787444282323684867677495517
284,100694286476841731898333719576864360661213863366454327287613
870,29495924660760642489647013020148855916737375061568504064137515306653075810241060939483954895520932111023343610904846943097162533007651451709723277579925520157875345780869307228929160
910,6749438202405646566036528344330116878577367608510319331278487323923063395123537981035948334462494041348222696506072562356190473002473827542549247906420341256327639978792400829342400405236255
253,33449372971981195681356806732944396691005381570580873
879,2242078311320349160804015718043036082054171733573840468952625315221391947825066947905636248691862060483006835747329499742497894355779460518674655899304658879188891886536343247826376546
845,175821106572520414845327458343516931136298816069226824113885039333453954959691955172184385997058966964149583805951664048998460615501688398158333015722392844504845037450228525845
567,14012222329320380360477957577902026327196843291708621628988463816224289805272203709520415969453367214046785150335122978
598,42181679476851932381453800722630865635564630497833168056520945836468719867699673941267037216629635560783613614497857812538799
514,117533612915925602811493067237404068321712639277420310444454241006724792845612101774823961637064304585513127
299,137347080577163115432025771710279131845700275212767467264610201
215,382699285659014174244530850035136059033084785
229,322615043836854783580186309282650000354271239929
956,27713991332898951849369141694887577580844268614029932119435071462261690126253987857716252505338630328337483625842233853861187686551179198305850552365314432013776222604488073014165694290306137408859517
573,251439127540686683410355036436498964627214165334435973635196551498669275073731875734673432234676222479684794771243158018
836,2313035225866225817707027721117764904725169166869482043505633015146320692879663930974607692130234475382275620027038079344779181653743608431991212041825038961140359348684288077
771,60253964960827372933304527244366949193044057526925884553628738741698207589282129327908883288937520884896591823100630758837824061866733524154469212645590764439554
995,3919377061614427623668052985592742430389065042819420493170692719480242247392252775480208752179017313071371501566248877239254299341332131655760767122899079117071192049598939666199865808814650408864891823186505
89,1779979416004714189
759,187125919574001719809716973010607637059273302371273126289603338172424177784400972089879820340803528664935315134898458711244533059056976834310723828085087250466
611,21976735970058050484769325232564213583058273190003304329511707627493988429210162443896321918015164477427513778499962325840540489
822,2743817889319451230635546056054009544681084712771464890161362822678707313593236053503308379376927808216125619202744438745782564531197937665192801118797972726433426749681736
188,871347450517368352816615810882615488381
375,1049252690665646467530632231274619718410203796555123147644873726135009824265250
163,5193981023518027157495786850488117
349,3865462327928467072415604609040860366007401579690263197296200323999931849
361,1244666864935793005828156005589143096022236302705537193166716344690085611761
639,15617701486882918434518048526595286423497607684326395142504000948882177316400502530447779058303460208548267197100828187064609006236386
638,9652270345043413654974522609387414669404107763913028837612126559647173308995786544821550244107198068426260833774548260029880682106969
162,3210056809456107725247980776292056
407,5110749320570476684599671752998282949163016220605901117918011486570203288606148368113
88,1100087778366101931
564,3307836985560054320557439403041129266216957343847351485598166655714087096026103168206590188492244960222361803886516848
799,42819299437432302617632053522679588759544125417235071019025069011950982099745888354964809941468470253059003158607459662907055750510443512830937550167717484757372564701
202,734544867157818093234908902110449296423351
348,2388987100892084569134167581129323824600775934984068529143761591653482576
389,884518773564275036335317142808498833476705778259666107927435384415468591769993989
63,6557470319842
360,769246427201094785080787978422393713094534885688979999504447628313150135520
214,236521166007575960984144537828161815236311727
604,756919526153062141627096571973853690634028007366945346870508297492815454042752769581146123725053652711202992296086569778057203
941,20318164543175877812732817413986627031026543038993485460328436877553422593761968829621411099648740111127272708264842038852142963712266582163241365346363242536543959341396913936096602060750381379541
176,2706074082469569338358691163510069157
809,5266425683405057731495444092244174522861452105372257554189984579279362348691671275244047446224217175749585504549914494508130592637252870325717753776846061280936139129709
228,199387062373213542599493807777207997205533596336
406,3158616788092986726405046228413744218774962626780900087325447529650630896453338689583
412,56679078505028747108822605166054984687178942898751709379971329540814780791115880392819
189,1409869790947669143312035591975596518914
980,2873442049110331124686847975839596483580184681281842823699466692000268066325404550898791458706068536914736664630537864515125212890415097163803163111745199726085365108928922860513125724085616811718834581485
612,35559105761336317101675609727370949148835212692110487405124336036528197882112012622415685107849500590668384026215022724033031344
772,97492963263563915914862118965031170516265320350495554360202823079704930167534387030768610600709038629529451107411889363545151124179790653827479276545795576577539
837,3742569612627343313925878711765996121678537163675520623537257235746506482624088606521106601833060087680052817217172481845826405905090371208426987142472559597673455621407602242
766,5433096631200596107874376870220259036974141537070695371984205464938990123414900530571986692045026068474520952254400747023163125965085075901642681564251767371263
764,2075258248956075293812474413699283657523956490998631056433186460501732803022315513905388741529563601054436111241315790492659315135874492513377129537936442277373
957,44842179940550505985582222271592545998230039587853413107160452232277320832844720946778312859312012758703618796686873899349231309457340296712224030206443755345638800417359130265402420264154456349058562
994,2422308238804407089268820758059737271890428034963283291423237466738923487762205937312441964529423332944990116110066323372235058978516564015277004931960761593992730308301490464065917906637454573375206452747367
410,21649481537897403506609107715822337285038973915379503528404929519011871658725122483505
148,3807901929474025356630904134051
606,1981641046217181630223446776341037079709877940526002389528019162689081976878763560907850195126187133921809903075415013440832808
570,59356726302841575762469269714649234575004330510681838001552021920611246317114918006288254066305713816409502405227008760
160,1226132595394188293000174702095995
376,1697726516284295515651670644354144400761613511040643009353262085480136081475307
363,3258580157072680796737099989600679905139007491100054385837880317693321359042
49,7778742049
438,15385139106431711643524221557482279748374290861085515437934408603594478161737710269882076744
821,1695772714539417949653434023673260165702141888803417667127855950430528465750105937234985625226282526181535788629612657055309860184914765135871626947899935273251907245035621
74,1304969544928657
161,1983924214061919432247806074196061
607,3206362566281301118819796980708220468785727873685059432185530027885348499714774352234554266527320615132416813854743457103608413
613,57535841731394367586444934959935162731893485882113791734636043664022186311322175066312007025864665068095897804714985049873571833
834,883500839105108321488176730469533687771801170063443463474008794546134903135239255428108782427408863084498422836903676843731957402396845655555436941177518324607263075960973912
362,2013913292136887790908943984011536809116771188394517192671163973003235747281
175,1672445759041379840132227567949787325
982,7522768949273991435606702563874374444365980448455885034578145014289024109583724648917421577143493905200828105615023278149636842532457129991683449390058542054506691999966194578195777217256719878680951279791
388,546662665750093946471250301438060884828525294776407554440171882480313121677942531
773,157746928224391288848166646209398119709309377877421438913831561821403137756816516358677493889646559514426042930512520122382975186046524177981948489191386341017093
549,2425099125827785565352530979017842728315720351477448650144765807862542296838080812347151296511676978020230832740674
60,1548008755920
405,1952132532477489958194625524584538730388053593825001030592563956919572392152809678530
48,4807526976
954,10585802725247397713156061118182609163458497640206451131709690692246059419663254768654192151365247897971348454997593808373144063645018099899477074524185108681913644791617015762928968316457818468660472
571,96041200618922553823942883360924865026104917411877067816822264789029014378308478864192589084185254331637646183008074629
940,12557316276695672865904673618496355247903394482857970442771974203469609879034302660458884836041514489598140102925958625432987838306839478214313647161399855131487433991031670424980898453025427847955
207,8146227408089084511865756065370647467555938
565,5352192671880163019960259087430448530489942973930635071695148580255101354623050270656912890480561126912211673224303065
561,780874387080163078248199965737509262329013916319215686595797193367941421167791036694055215484387373157337934789055586
559,298267474920380535341780212823208522714056118874363473690409655562810004906426007631842944464845952782163935029380541
788,215166925748248190801206372377344958168010201378817248367675473596344904368173877734783538935513667804751469547937109872554538694377591662502945517524833620296169581
968,8923819140067279576517693617954321028440265607299555446060826481589224621166244735672823524716067936475357149422868654499935012664911951375780959510240885218998071071899153256478695309875487943652929941
950,1544447803282326157141063860798140565135175279561812695372311151183404978544074576084779694906092198758336762454048905401589449506607204278264939097537573413980490519471907060934663660744135522705225
987,83428786095010233039452893451168885358856822423517291331018551725755973092961397681432523209335078083037082049842613293369652888469867204072869026512035048078160170454915915213979475203909274364258193729858
997,10261062362033262336604926729245222132668558120602124277764622905699407982546711488272859468887457959087733119242564077850743657661180827326798539177758919828135114407499369796465649524266755391104990099120377
808,3254830071569718737604135765141440985245996862858900395844371829572479434062128681271684515666943918276960875482517915520246056253019766319301321652047243019401297415371
978,1097557198057001938453841363644415006374573595389643436520255061711780089392489003778952798974711705543381888276590315395738796138788161499726039945177057123749403326820574003343599955000130556475552464664
824,7183408493178320410924526135781279255064311314346347447450581595787943092936578044241602383980138142613787027035101534546874989247310640466257229185495880726118760744399093
159,757791618667731139247631372100066
70,190392490709135
165,13598018856492162040239554477268290
171,244006547798191185585064349218729154
429,202401005213503038261932567177107618332887918916819829782797456368284639448671475316218754
399,108788617463475645289761992289049744844995705477812699099751202749393926359816304226
603,467801993911057346969253632393329698441821925792111695787002567703451068793258021745557947676079828499403918483241873884718402
401,284812298108489611757988937681460995615380088782304890986477195645969271404032323901
367,22334640661774067356412331900038009953045351020683823507202893507476314037053
373,400778865046997419409593818195095036058794082069603285936485366789883567055193
164,8404037832974134882743767626780173
602,289117532242004794657842939580523992192206081574833651083505729789364385249494747835588176048973824211799073812844695893338801
65,17167680177565
819,647727539759384668671321991292510786723199064835370444094349078182349617906975820966662871075637244146945958056480875364837155838631592606550452777001897820070387740389506
825,11622999097037189591213506215508548965447537915921230004739800368897178872279920034979896388583348477011448434867458630347967413963423343267321657252193788725804094739116450
158,468340976726457153752543329995929
776,668226711200301698374224176558256700160458774333255425461900331623619273605518323137569702870357755802337031006361339094239227806499153841600804020665750176206357
986,51561825446860938110793076583476206104187289543801551805526760038311388677693583538642998241029745630862414851028572631651719101588411748442058105785232737257797440672942788044026840565796908594291106493873
992,925239415994386554869588530526732113391791027107146089675782213997604728132159099144675176879829352818608730653883769505215818615700996374793242741022444070914268567004041261931970004460258737885521082308229
945,139262771545966407661378107925422200898842898643541338629958106998175942605912752129483710006368244024430783850102086070559678333481851345459147768216015778077182098680079580955425705662828190441570
831,208566256206910027973171789887861370591332483421746769641222057561966870083131584808671472123424635342059125869557774470898576295502988586205239377762486299244403317563706594
979,1775884851053329186233006612195181477205611085892199387179211630288487976932915547119838659731356831371354776353947549119386416751626935664077123166568142602335961782108348857169525769085486255243282116821
951,2498969039560915132957977798862109344396049027027608580321689463293083154191701872161544253851021166818224976696498665856655054877267897114315732109703320617984221250891067213686546998323182474416674
210,34507973060837282187130139035400899082304280
206,5034645418285014325766435419644478339818233
548,1498793685849229455007362830738554907162854683506737160500463612055340736142487551508117801369212758879334380281101
574,406837054462450812996767189512073064228323413256994879453570838208309535769155272605154275385167190627731943359478241407
789,348147399115490473298491045414894562475320947656181150098909190608449577072992416624176576404665376671883958803044029437264675531681752487564893783189344220686328514
562,1263481299239945621154619718651810001943971713764067899501184731173072837429156065756267486503928793532511934548730631
560,482606912159782542906419752914300739614957797444852212905387537805131416261365029062212271019541420375173999759675045
953,6542385882404156423057019458522359253927273333617029856015690077769571286927478320407868202608134532394786715847046237114899559261142998506896403316944214649948933021254041488307757657390500471538573
984,19694864798711643182133259715783526849517756664085812280034968350866804262425769395853473272724413178687747652214531969933785314706956292811247185058430426437434710890969660874074205927684542824324019257888
827,30429406687252699593351538566798377185959387146188807456930182333582300837496418114201395161146835096636683896770018795242809817174157327000900543689883458177726950222631993
833,546033547656009174730674260178697529181566826742595116557615426054050886609185420118390127275416749213278774353230725657315266848949917120880338159470002311925833196762340253
9,34
748,940307510200739423914091553301548425875651686317674943020041694311199156464256973643063951615540310731572466465321169664983560718739645176022111272449295251
628,78478930303301394239843272739152284597168350307833709759211620078672098597363314490123518850316619782518365389244854105885364519011
576,1065113236465588309403889415460645093083860991848425732542338227915288346612042420944981983005010603735148681490199640832
166,22002056689466296922983322104048463
760,302776098046814026876664698933492149269227316776962335512875289196892053933822519527149856101430603011926033167324082871785143191740712402088991610736236105195
204,1923063428480944139667114773918309212080528
600,110433070572952242346432246767718285942590237357555606380008891875277701705731473925618404421867819924194229142447517901959200
73,806515533049393
238,24522987531716273545293036474970821924473060471519
172,394810887814999156320699623170776339
67,44945570212853
98,135301852344706746049
370,94611056096305838013295371573764256526437182762229865607320618320601813254535
364,5272493449209568587646043973612216714255778679494571578509044290696557106323
365,8531073606282249384383143963212896619394786170594625964346924608389878465365
359,475420437734698220747368027166749382927701417016557193662268716376935476241
416,388484183426537766350753518180972865642314621443875164454555847769482631352751675692037
8,21
601,178684461669052552311410692812805706249615844217278044703496837914086683543763273909969771627106004287604844670397177991379601
66,27777890035288
615,150630789224125052274565479647241274612622184456338070874396423364572570504756362755039699159578830726860179635644992823780175010
826,18806407590215510002138032351289828220511849230267577452190381964685121965216498079221498772563486619625235461902560164894842403210733983733578886437689669451922855483515543
371,153083904475345790698149223310665389766178449653686710164582374234640876900329
173,638817435613190341905763972389505493
577,1723389418468725805811011641409217121939398570439856585631105617622267157454929569284809690624854016842565419620921040257
167,35600075545958458963222876581316753
588,342963154304933875573731834338924678843737022417849238527147311222067133521981633441115991937424922157757653078040397831056
963,804660269890348192607522023089803718623744663554333827348566450717698691837013275169848087213765208489846913363667231522429508515354857443705716811606284275603514186261573277563557017756457031808637442
546,572488245870673344662194682459267086009989015536025670856161416248139175446894290669084306226748539738437927821528
832,337467291449099146757502470290836158590234343320848346916393368492084016526053835309718655151992113871219648483672951186416690553446928534675098781707516012681429879198633659
552,10272884749181815606072318598530637999272870421445820271435224647698308362799217540057689492273456451819361258784224
234,3577855662560905981638959513147239988861837901112
991,571829406815633979529643697006273045106845980748991112071673038743714031497887739023091610769764627307772654802298784361803421747114571265690519449915873452164193174293407940201977897716937097604164288130909
775,412986819712346493611195411383827409934884076105338432187865946722511205681167419748123598380002157658381536968436929608311101496272839009791376254928568258611725
761,489902017620815746686381671944099786328500619148235461802478627369316231718223491617029676442234131676861348302222541583029676250797689236399715438821323355661
205,3111581989804070186099320645726169127737705
99,218922995834555169026
749,1521449511381584848252156602011488467821488310379786566556191516688856451447942006061924752830885523311222803138267352580566710331756138759882109079779505749
787,132980473367242282497284673037549604307310746277363901731233717012104672704818538889393037469151708867132489255106919564710136837304160825061948265664510600390158933
744,137189016858942574813987960473276725913793500449015015431633921489426427977458850029545499585044983724193922911803790583217672598429809600464229122907959008
629,126981576631475750014906387931931581692734251880848776469071481399496762848826070039224556421753327196738843828004058553268696153829
793,2386237772822196938896074344206507686880635342417357495597572373831282598469483716325233498829867886773674202659031476803986993741541537425333305468521221964320151313
220,4244200115309993198876969489421897548446236915
208,13180872826374098837632191485015125807374171
952,4043416842843241290099041659660249909531224306589421275694000614476488132735776448246323948757113365576561739150547571258244504383875101392580671207240894031964711770362974274621210659067317997121899
198,107168651819712326877926895128666735145224
988,134990611541871171150245970034645091463044111967318843136545311764067361770654981220075521450364823713899496900871185925021371990058278952514927132297267785335957611127858703258006315769706182958549300223731
778,1749440242112949890359643764500340810255801624771849283111666609969749752892204066023263004120717669263055598981159607796789557109271146692992984296260068611024439
195,25299086886458645685589389182743678652930
181,30010821454963453907530667147829489881
80,23416728348467685
40,102334155
179,11463113765491467695340528626429782121
580,7300394728337354036240813755148941551985917695016421221977993308697378165588873549744393037884583257997993621843162402435
743,84787475302008849948050583645054932102228061357533288620624028954689005525654241165112151230105130703534283968767405582965065908863532391233655219303166737
964,1301967666079246999739025509736981974513806323327310792803025425887225709131040982032655852614954462201163281866373391986529297423769475808932761815084406478437505702622886684757604851321223369645403523
231,844617150046923109759866426342507997914076076194
555,43516638122555047989641805373140394725407202037260729735885664398655775748034950972577909265605502785297675867877570
810,8521255754974776469099579857385615508107448968231157950034356408851841782753799956515731961891161094026546380032432410028376648890272636645019075428893304300337436545080
780,4580094015138547972704707116942765730606946099982292423873099498285629985071093874932219309491795251986829765937117484296129443521314286237378148868114455656866960
219,2623059926317798754175087863660165740874359106
970,23362861818152996537467507811299195417669439511689710925227862142275523753399638967783310781704529676533897971172191948004316934631842045065771638088947558424515687624190113122357319209227560059859345335
541,51621232927393794428283281722302417684416215565352081372219649050894399902811978842493025898332777796978839725641
93,12200160415121876738
596,16111967857603554797929155400174310964103654135943897789553945634128457897367547898182707228021086758156611701046055535657197
227,123227981463641240980692501505442003148737643593
1000,43466557686937456435688527675040625802564660517371780402481729089536555417949051890403879840079255169295922593080322634775209689623239873322471161642996440906533187938298969649928516003704476137795166849228875
557,113928037680978527777140672732116305813154440303874734475431773320488593551486986201473617910150485189153870299086037
769,23014966658090829951746935523702727869822794703356214747054654403691485011029871625049155977166003140263732538789372154130496999553676394481459148745385952301569
796,10108265416152526419683994794618270268165872518704428380856874159529924875319101159659894110659650591571332238987107046525767189192225493851401061174799065698263103347
186,332825110087067562321196029789634457848
192,5972304273877744135569338397692020533504
757,71475741101189412742769247087723124849319287965583917066331387147956301634979424652609784580176454317944597102472834550703922926373241266532456045433938395737
233,2211236406303914545699412969744873993387956988653
225,47068900554068939361891195233676009091941690850
755,27301303729566518418590768252561737488684561525478624909390823271444727120537301867949533399725834288898476172520044940867235720062746965286644308216727936745
594,6154224095958732012333665477892067256746331909998525312140891065916653824402969753281084467433624713686221488640308794432792
87,679891637638612258
52,32951280099
190,2281217241465037496128651402858212007295
91,4660046610375530309
392,3746881652193013001948452031301618270087167924331813432662649918207032018665867029
147,2353412818241252672952597492098
351,10119911756749018713965376799211044556615579094364594923736162239653346274
740,20015607811858599783824170011388655520902816825430165001395756114785839377954976563754545479774575337784993917305364417540147470269022027227492587906417805
608,5188003612498482749043243757049257548495605814211061821713549190574430476593537913142404461653507749054226716930158470544441221
973,98966670810630423534302151820587335031466666343849443734017657748199169524665705367570906859090512509718775557015222431021714647829386322577296271424256021684582295977152259098829205426386824411990866793
146,1454489111232772683678306641953
218,1621140188992194444701881625761731807571877809
621,2702959839855471157074315592912585465009917986526189154485236541343846490109306217325337626144238124719296589910824968900395100546
153,42230279526998466217810220532898
806,1243234459734379743712827438038707447630541620345543237498759079865596519432586087299321585109670660804336246415121336532361519868786662312884889527248424757866455701033
345,563963353180680437428706474693749258212475354428320807161115873039415970
344,348548520675021628424024078524038024981674935849553053830206986267617333
184,127127879743834334146972278486287885163
90,2880067194370816120
386,208806557935912856607183460067622936180344811293149000952908380545157651585891073
525,23389779576526080530029005130016352147448857309113056992134835347034019051103908490247469955408778428975403650
294,12384578529797304192493293627316781267732493780359086838016392
531,419712564636128966418863068957011388899128076671547993021605479585858227224221424221791102364954108601240491394
900,54877108839480000051413673948383714443800519309123592724494953427039811201064341234954387521525390615504949092187441218246679104731442473022013980160407007017175697317900483275246652938800
280,14691098406862188148944207245954912110548093601382197697835
257,229265413057075367692743352179590077832064383222590237
378,4444705723234237498833973519982908519933430818636409166351397897095281987215864
519,1303467741340483121659023383282949754951354892487032836821556660754115695648928602663356832403903120316774306
485,102216385354134324778078911974689347564945335253989394162085272183728832930964492342791374522266860485
678,2208691639813237951345054815528123559888926654875983118185464351044729098274334257901507380795280765552825035054785108733612886260798103440264
888,170427447585007296863594841584290891092033789126673444144463661472132441110515329101767838855477037528819542860407946827372937133572246650870983571624734000338513658722542956142033546656
491,1834198612451841980590573354049832310520934744426580487728496070230903857873047734872321602858257776409
914,46261337654189278461738489905283798401460657942735691220251204295612977827781284105942684707814466862116971667918414430629619423356698884656763643977817953320263068089323298385677440233004577
595,9957743761644822785595489922282243707357322225945372477413054568211804072964578144901622760587462044470390212405746741224405
387,337856107814181089864066841370437948648180483483258553487263501935155470092051458
446,722774046296497854662108306212056471121727445630906510906079096662473988285986629470097563353
320,3361707149818144672666187219454104827980338677164658343636350711365
452,12969654016234677976879363698546925303566869175045860499432778293948758940882050363241320227149
308,10440185009520720572083697583620800653786381708749108822250120621
651,5028851376129971561559036562448489449069134108451526220819578445678740271216710352048635755736142750445127816988027917030356716676481474
645,280248282089825248888530811720838040860701762007547367553449024812645691585172825254393529710802567258537560232507152512078962537928770
916,121113754343702860375957130299313423444369298644458403476910382346993586409042244955501843109351080285195850215613747627560254971283705749903853301305374428435258968245264662085359040486266787
876,529282892349538663865041757952487834360789665256290022345566986834836521594735814856589938215468774943708863917660167406652278820948558442729902757341091825700790758348602488149084432
912,17670258618864975009258339416537971760012675183748670183843230539845347074301607362326211014092320301155064788141495664328603298786390904066437630628079431525530236022705233071673280212746944
282,38461794961234640015759308940939757590587318989278841661816
269,73822750993122698578207436143903804565580923764844306069
735,1804806230506827139972673993056447286090576726816489036904633181471200345608348993357650537629785712093273790212187573241116334334099692195465875240529890
686,103761492339168842018587530858475070677646106130118753779820168511287979391742270610548339362599898075442971926458625775220986965441725618892473
527,61235237920713401001118760543382555667684331074860895499751248203370035547191643711566689028897555486020837793
292,4730488062040367814077409088967804926964428786380132325920579
721,2140935670430744807574135096594352867870326513691554414255291365439899896195338574650391023831983407002010606771661694359511889901760895623747987191521
906,984729762650247500517208505027019748580915316836544098698206971848465938083481761308953633422991427320587207624093505863713887660617908141081091367124435474030411762223507419719362603649208
286,263621064469290555679241849789653324393054271110084140201023
296,32423247527351544763402471792982538876233052554697128188128597
533,1098821759722772776783261930370902851841780094099174349557697529494498594082193250020920709963578437774634364453
899,33915918467125937481103842962253932601438570727242174159971572162118549058705665656818324455395168664877858678207096253313382412388644498974363703129893047850890962136350142142644514430601
682,15138597711283154281418940810571884891076433254999248128286518980333244070002372124064263820485025548713685280216201554850657121671789103190391
709,6648932669220874753121434349783799309012771842025717308770803694743584186951058443607791370873169134344289860258664889853333512214128134093831575609
872,77221333291477573916747849626616800263875223805124441817247441594349468628182374709380225362753946409597361843796838529492970802496439099732384073760108548271802099461401301229483989
127,155576970220531065681649693
669,29056702380934301615405180463765614159606694623456608176150512636139494053590042377916723730150094152355453195307509996846546024957135630594
325,37281903592600898879479448409585328515842582885579275203077366912825
133,2791715456571051233611642553
241,103881042195729914708510518382775401680142036775841
26,121393
655,34468260105109870017385177312438050697027533834851412505302058429736597230270443860863973247044430446588302156705501747391672816199086845
457,143835667151675481333619103454952008707730339918865881486873359084765896974634068647640876549937
330,413462646668428032346940119724892718502248750418536685577487386752440
324,23041483585524168262220906489642018075101617466780496790573690289968
32,2178309
443,170623807298553611905880623235491323624375649830112453507358412671675285005069415562415412537
480,9216845717656874712980450562726202415567360565980794777111390850331644813674856981646960226192287360
640,25269971831926332089492571135982701092901715448239423980116127508529350625396289075269329302410658276974528030875376447094489688343355
654,21302556278029922824403772687475870648328644520417099596594846137931484729774725789893103579450906047577158832140991859250996305240564072
251,12776523572924732586037033894655031898659556447352249
873,124946741922194505343848686233084744611013072548680379570357367882045861446123688479276495829986960708171380076688830115888779071985226747755044869940291576385728853141933295230038818
668,17958029672407393014640290882971022973839954428996166720505475178148733097849468444590811048147811387449267920966825261972142790828107169341
293,7654090467756936378415884538348976340768064993978954512095813
913,28591079035324303452480150488745826641447982758987021036407973755767630753479676743616473693722146560961906879776918766301016124570307980590326013349738521794732832066618065314004160020257633
734,1115431593560796532808555613387415446435640602179650541231738132603247322617636923378668235747257928207760719121572766322243359119244897932753117196435737
867,6963043279151935385260634152489320944063572302406363313807306655433558205159444721340676247903232264078005633069442343500128939954620940916151759620589495754227470018456066314322178
898,20961190372354062570309830986129781842361948581881418564523381264921262142358675578136063066130221950627090413980344964933296692342797974047650277030513959166284735181550341132602138508199
244,440047156314635932379335110006072428645041207574883
278,5611500259351924431073312796924978741056961814867751431689
291,2923602405716568564338475449381171413803636207598822186175234
27,196418
939,7760848266480204946828143795490271783123148556135515017556462674083812714727666169162526263607225621529132605338883413419155125405427103948927718184963387405056525350365243511115703607724953531586
683,24494765638867511151916549745777100298497746540040085841082376850207163750579175454139937240543282326005200455342074221839890907366049137503897
907,1593326225701717188334037111425359127138512324945743711294024460075377172985524819472680355872170395569016093752628516876254232560412670420129021724057156769422272151448461996634558399312613
250,7896325826131730509282738943634332893686268675876375
697,20649058376862930966764036030509631786019440726559168907424267534212002902244191317797589177054256850728231628400173261501031188363554465780154577
536,4654683669341605951078583513940491481410644317152775761745276688300776515962523401661021345087983971670690839477
287,426547842461739379460149980002442288124894678853713953114433
722,3464106682483988328402919139389822461211646284154792727806764703776402307148103728021510421954730976821764771444006361950530673705542184390272133222561
534,1777930954809416587147660791784794314784432111526800706093789579403138960940165075820050317562202766948028237512
522,5521577958796399352092495436683350598124375604156506038828319671569975838863744971896028280751218827164657336
858,91603133991574585233562363299442611958170273406410496211681021886098002618016034698543374823122873780435804382549300642479384397366933102369026176290148379503036945941448260598904
509,10597999265301490732599643671505003412515860435409421932560009680142974347195483140293254396195769876129909
905,608596463051469687816828606398339378557597008109199612595817488226911234902043058163726722449178968248428886128535011012540344899794762279047930356932721295391860389224954576915195795663405
